producer;type;rating_avg
"Vasse Felix";"Australian Wine Companion";98.00
Hickinbotham;"Australian Wine Companion";96.00
Clonakilla;"Australian Wine Companion";96.00
Glaetzer;"Australian Wine Companion";96.00
Torbreck;"Australian Wine Companion";96.00
Henschke;"Australian Wine Companion";94.00
"Chateau Pontet Canet";Bow;9.25
"Quilceda Creek";Bow;9.00
"Jaboulet Aine";Bow;9.00
"Nikolai Garagenwinzer";Bow;9.00
"Tua Rita";Bow;9.00
Realm;Bow;9.00
"Bibi Graetz";Bow;9.00
Marcoux;Bow;9.00
"Le Macchiole";Bow;8.88
"Philip Togni";Bow;8.75
"Daou Vineyards";Bow;8.75
"Chateau Canon";Bow;8.75
"Catena Zapata";Bow;8.75
Camarcanda;Bow;8.75
"Chateau Les Carmes De Haut Brion";Bow;8.75
"Detert Family Vineyards";Bow;8.75
Adversity;Bow;8.75
Almaviva;Bow;8.75
"Au Sommet";Bow;8.75
"Jean Michel Gerin";Bow;8.75
Hourglass;Bow;8.75
Chapoutier;Bow;8.67
Faiveley;Bow;8.67
"Domaine Phillipe Cheron";Bow;8.62
"Amuse Bouche";Bow;8.62
Patria;Bow;8.62
Delas;Bow;8.62
"The Debate";Bow;8.58
"Georges Lignier";Bow;8.56
Dumol;Bow;8.50
"Kosta Browne";Bow;8.50
"Marquis Dangerville";Bow;8.50
"Peter Michael";Bow;8.50
Ceretto;Bow;8.50
"Domaine De Montille";Bow;8.50
"Beaux Freres";Bow;8.50
Gaja;Bow;8.50
"Cesare Bussolo";Bow;8.50
"Domaine Josph Roty";Bow;8.50
Vietti;Bow;8.50
Jadot;Bow;8.50
"Chateau Bellevue Mondotte";Bow;8.50
Confuron;Bow;8.50
"Domaine Tortochot";Bow;8.50
"Podere Le Ripi";Bow;8.50
"Morey Coffinet";Bow;8.50
Corison;Bow;8.50
"Chateau Calon Segur";Bow;8.50
"Domaine Jacques Prieur";Bow;8.50
"Beaulieu Vineyard";Bow;8.50
"Domaine De La Vougeraie";Bow;8.50
Gallica;Bow;8.50
"Laurent Ponsot";Bow;8.38
"Xavier Gerard";Bow;8.25
"Mongeard Mugneret";Bow;8.25
"La Pousse Dor";Bow;8.25
"Chateau Lif";Bow;8.25
"Rene Cacheux";Bow;8.25
"Drouhin, Joseph";Bow;8.25
"Domaine De Courcel";Bow;8.25
"Albert Bichot";Bow;8.25
Continuum;Bow;8.25
"Domaine Forey Pere & Fils";Bow;8.17
"Robert Sirugue";Bow;8.00
Serafin;Bow;8.00
"Mugneret Gibourg";Bow;8.00
"Domaine Michel Noellat";Bow;7.50
"Domaine De Montille";Burghound;94.00
"Albert Bichot";Burghound;93.00
"Domaine Tortochot";Burghound;93.00
"Domaine Forey Pere & Fils";Burghound;93.00
"Domaine Jacques Prieur";Burghound;93.00
"La Pousse Dor";Burghound;92.00
"Mongeard Mugneret";Burghound;92.00
Serafin;Burghound;91.00
"Domaine Josph Roty";Burghound;91.00
"Bouchard Pere & Fils";Burghound.Com;94.33
"Domaine Guillon";Burghound.Com;94.00
"Chateau De Meursault";Burghound.Com;94.00
"Domaine Buisson Charles";Burghound.Com;94.00
"Domaine De La Pousse Dor";Burghound.Com;94.00
"Domaine De Montille";Burghound.Com;93.67
"Domaine De Larlot";Burghound.Com;93.67
"Domaine Arlaud Pere Et Fils";Burghound.Com;93.50
"Domaine Michele Et Patrice Rion";Burghound.Com;93.50
"Louis Jadot";Burghound.Com;93.33
"Domaine Bitouzet Prieur";Burghound.Com;93.33
"Domaine Louis Boillot";Burghound.Com;93.33
"Frederic Magnien";Burghound.Com;93.00
"Domaine Latour Giraud";Burghound.Com;93.00
"Domaine Humbert Freres";Burghound.Com;93.00
"Domaine Tawse";Burghound.Com;93.00
"Domaine Tollot Beaut";Burghound.Com;93.00
"Comte Armand Les Domaine Des Epeneaux";Burghound.Com;93.00
"Domaine Julien";Burghound.Com;93.00
"Domaine Henri Gouges";Burghound.Com;93.00
"Pierre Girardin";Burghound.Com;93.00
"Michel Magnien";Burghound.Com;93.00
"Chanson Pere & Fils";Burghound.Com;93.00
"Domaine De La Vougeraie";Burghound.Com;93.00
"Vincent Girardin";Burghound.Com;93.00
"Domaine Robert Chevillon";Burghound.Com;92.50
"Joseph Drouhin";Burghound.Com;92.50
"Albert Bichot";Burghound.Com;92.40
"Lucien Le Moine";Burghound.Com;92.40
"Dominique Gallois";Burghound.Com;92.00
"Domaine Confuron Cotetidot";Burghound.Com;92.00
"Domaine Joseph Voillot";Burghound.Com;92.00
"Mongeard Mugneret";Burghound.Com;92.00
"Domaine Taupenot Merme";Burghound.Com;92.00
"Frederic Esmonin";Burghound.Com;92.00
"Marchand Tawse";Burghound.Com;92.00
"Domaine Des Perdrix";Burghound.Com;92.00
"Domaine Jacques Frederic Mugnier";Burghound.Com;92.00
"Domaine Des Comtes Lafon";Burghound.Com;92.00
"Domaine Gerard Raphet";Burghound.Com;92.00
"Domaine A.F. Gros";Burghound.Com;92.00
"Domaine Gros Frere Et Soeur";Burghound.Com;92.00
"Domaine Blain Gagnard";Burghound.Com;92.00
"Domaine Thibault Liger Belair";Burghound.Com;91.67
"Domaine Anne Et Herve Sigaut";Burghound.Com;91.50
"Domaine Des Lambrays";Burghound.Com;91.50
"Maison Roche De Bellene";Burghound.Com;91.33
"Domaine Henri Rebourseau";Burghound.Com;91.00
"Charles Lachaux";Burghound.Com;91.00
"Emmanuel Rouget";Burghound.Com;91.00
"Aurelien Verdet";Burghound.Com;91.00
"Hubert Lignier";Burghound.Com;91.00
"Domaine Jean Grivot";Burghound.Com;91.00
"Bruno Clair";Burghound.Com;91.00
"Domaine Claude Dugat";Burghound.Com;91.00
"Domaine Perrot Minot";Burghound.Com;91.00
"Domaine Dujac";Burghound.Com;91.00
"Domaine De Bellene";Burghound.Com;90.00
"Domaine Pierre Gelin";Burghound.Com;90.00
"Louis Latour";Burghound.Com;90.00
"Duckhorn Vineyards";"Connoisseurs Guide";95.00
"Williams Selyem Winery";"Connoisseurs Guide";91.50
"Bacio Divino";"Connoisseurs Guide";91.50
Darioush;"Connoisseurs Guide";90.00
"Chateau Pichon Longueville Baron";Decanter;100.00
"Philip Togni";Decanter;99.00
"Chateau Canon";Decanter;98.00
"Chateau Montrose";Decanter;98.00
"Clos Du Caillou";Decanter;98.00
"Clos Des Papes";Decanter;98.00
"Chateau Ducru Beaucaillou";Decanter;98.00
"Chateau Cos Destournel";Decanter;98.00
"Chateau Beausejour Duffau Lagarrosse";Decanter;98.00
Fontodi;Decanter;97.00
"Mt. Brave";Decanter;97.00
"Chateau Haut Bailly";Decanter;97.00
"Clos Fourtet";Decanter;97.00
"Domaine De La Janasse";Decanter;97.00
"Mas De Boislauzon";Decanter;97.00
"Chateau Figeac";Decanter;97.00
"Chateau Calon Segur";Decanter;97.00
Oshaughnessy;Decanter;97.00
"Chateau Lynch Bages";Decanter;97.00
Sena;Decanter;97.00
"Le Macchiole";Decanter;96.00
"Yann Chave";Decanter;96.00
"Bruno Rocca";Decanter;96.00
"Paul Hobbs";Decanter;96.00
"Chateau Leoville Barton";Decanter;96.00
"Chateau Rauzan Segla";Decanter;96.00
Laventure;Decanter;96.00
"Chateau De Beaucastel";Decanter;96.00
"Daou Family Estates";Decanter;96.00
Catena;Decanter;96.00
"Domaine De Marcoux";Decanter;96.00
"Domaine Joliet";Decanter;96.00
"Chateau Pontet Canet";Decanter;96.00
"Chateau Les Carmes Haut Brion";Decanter;96.00
"Podere Grattamacco";Decanter;96.00
"Chateau Leoville Poyferre";Decanter;96.00
"Domaine Saint Prefert";Decanter;95.50
"Titus Vineyards";Decanter;95.00
"Conterno Fantino";Decanter;95.00
"Isole E Olena";Decanter;95.00
Azelia;Decanter;95.00
"Chateau Clinet";Decanter;95.00
Wayfarer;Decanter;95.00
"Domaine De La Vieille Julienne";Decanter;95.00
"Clos Pegase";Decanter;95.00
"Chateau Quintus";Decanter;95.00
"Laurent Fayolle";Decanter;95.00
Darioush;Decanter;95.00
"Col Solare";Decanter;95.00
"Hubert Lignier";Decanter;94.00
"Chateau Mouton Rothschild";Decanter;94.00
"Chateau Certan De May";Decanter;94.00
"Chateau Hosanna";Decanter;94.00
Merus;Decanter;94.00
"Peter Michael";Decanter;94.00
"Georges Vernay";Decanter;94.00
"Chateau Levangile";Decanter;94.00
"Chateau Beychevelle";Decanter;94.00
"Jean Louis Chave";Decanter;94.00
Faiveley;Decanter;94.00
"Chateau Smith Haut Lafitte";Decanter;94.00
"Domaine De Cristia";Decanter;94.00
"Chateau Margaux";Decanter;94.00
"Louis Jadot";Decanter;93.67
"Domaine De Montille";Decanter;93.33
"Domaine Dujac";Decanter;93.00
"Domaine Anne Gros";Decanter;93.00
"Penfolds Wines";Decanter;93.00
Massolino;Decanter;93.00
"Chateau Haut Brion";Decanter;93.00
"Domaine Des Comtes Lafon";Decanter;93.00
"Chateau Angelus";Decanter;93.00
"Domaine Thibault Liger Belair";Decanter;93.00
"Chateau Troplong Mondot";Decanter;93.00
"Chimney Rock Winery";Decanter;93.00
"Vincent Girardin";Decanter;93.00
"Domaine Meo Camuzet";Decanter;93.00
"Domaine Jean Grivot";Decanter;92.50
"Domaine Des Lambrays";Decanter;92.50
"Mullineux Family Wines";Decanter;92.00
"Laurent Ponsot";Decanter;92.00
"Chateau Clos St. Martin";Decanter;92.00
"Chateau La Mondotte";Decanter;92.00
"Bouchard Pere & Fils";Decanter;92.00
"Comte Armand Les Domaine Des Epeneaux";Decanter;92.00
"Joseph Drouhin";Decanter;92.00
"Chateau Peby Faugeres";Decanter;92.00
"Albert Bichot";Decanter;91.00
"Bibi Graetz";Falstaff;98.00
"Daou Vineyards";Falstaff;97.00
"Chateau Canon";Falstaff;97.00
Gaja;Falstaff;96.00
"Beaulieu Vineyard";"James Suckling";100.00
"Fattoria Le Pupille";"James Suckling";99.00
Duemani;"James Suckling";99.00
"Chateau Cos Destournel";"James Suckling";99.00
"Chateau Pontet Canet";"James Suckling";99.00
"Bibi Graetz";"James Suckling";99.00
"Clos Apalta";"James Suckling";99.00
"Tenuta Luce";"James Suckling";99.00
"Chateau Haut Bailly";"James Suckling";99.00
"Chateau Pichon Longueville Baron";"James Suckling";99.00
"Susana Balbo";"James Suckling";99.00
"Chateau Smith Haut Lafitte";"James Suckling";99.00
Raen;"James Suckling";98.50
Anakota;"James Suckling";98.00
"Chateau Clinet";"James Suckling";98.00
"Catena Zapata";"James Suckling";98.00
"Bodega Lanzaga";"James Suckling";98.00
"Don Melchor";"James Suckling";98.00
"Sea Smoke Cellars";"James Suckling";98.00
"Tenuta Guado Al Tasso";"James Suckling";98.00
"Chateau Valandraud";"James Suckling";98.00
"Chateau Troplong Mondot";"James Suckling";98.00
"Chateau Ducru Beaucaillou";"James Suckling";98.00
"Podere Grattamacco";"James Suckling";98.00
Sena;"James Suckling";98.00
"Tenuta Di Biserno";"James Suckling";98.00
"Chateau Figeac";"James Suckling";98.00
"Chateau Pavie Decesse";"James Suckling";98.00
Chapoutier;"James Suckling";98.00
Catena;"James Suckling";97.80
"Peter Michael";"James Suckling";97.67
Torbreck;"James Suckling";97.50
"Realm Cellars";"James Suckling";97.50
Montes;"James Suckling";97.33
Vietti;"James Suckling";97.33
"Chateau Mouton Rothschild";"James Suckling";97.00
"Jaboulet Aine";"James Suckling";97.00
"Chateau Certan De May";"James Suckling";97.00
"Tenuta Sette Ponti";"James Suckling";97.00
"Eisele Vineyard";"James Suckling";97.00
"Tua Rita";"James Suckling";97.00
"Kistler Vineyards";"James Suckling";97.00
Gaja;"James Suckling";97.00
"Vasse Felix";"James Suckling";97.00
Pahlmeyer;"James Suckling";97.00
Almaviva;"James Suckling";97.00
"Vina Cobos";"James Suckling";97.00
"Chateau Les Carmes De Haut Brion";"James Suckling";97.00
"Chateau Margaux";"James Suckling";97.00
"Chateau De Beaucastel";"James Suckling";97.00
"Chateau Montrose";"James Suckling";97.00
"Dominio De Pingus";"James Suckling";97.00
"Enclos Tourmaline";"James Suckling";97.00
Artadi;"James Suckling";97.00
Trapiche;"James Suckling";97.00
"Pio Cesare";"James Suckling";97.00
Corison;"James Suckling";97.00
"Chateau Peby Faugeres";"James Suckling";97.00
"Chateau Canon";"James Suckling";97.00
"Jean Michel Gerin";"James Suckling";97.00
"Bodegas Muga";"James Suckling";97.00
Marcoux;"James Suckling";97.00
"Chateau Les Carmes Haut Brion";"James Suckling";97.00
Aubert;"James Suckling";97.00
"Chateau Lynch Bages";"James Suckling";97.00
"Clos Leglise Pomerol";"James Suckling";97.00
"Quilceda Creek";"James Suckling";97.00
"Chateau La Mondotte";"James Suckling";97.00
"Paolo Scavino";"James Suckling";97.00
"Giulia Negri";"James Suckling";96.50
Patria;"James Suckling";96.50
Laventure;"James Suckling";96.50
"Chateau Hosanna";"James Suckling";96.00
"Chateau Beychevelle";"James Suckling";96.00
"Domaine Du Cellier Aux Moines";"James Suckling";96.00
"Luciano Sandrone";"James Suckling";96.00
Brancaia;"James Suckling";96.00
"Elvio Cogno";"James Suckling";96.00
Figgins;"James Suckling";96.00
"K Vintners";"James Suckling";96.00
Continuum;"James Suckling";96.00
"Chateau Leoville Barton";"James Suckling";96.00
Wayfarer;"James Suckling";96.00
"Merry Edwards";"James Suckling";96.00
"Vina Vik";"James Suckling";96.00
"Auguste Clape";"James Suckling";96.00
"Clos Fourtet";"James Suckling";96.00
Guigal;"James Suckling";96.00
"Booker Vineyard";"James Suckling";96.00
Contino;"James Suckling";96.00
Delas;"James Suckling";96.00
"Chateau Calon Segur";"James Suckling";96.00
Outpost;"James Suckling";96.00
Faust;"James Suckling";96.00
"Chateau Haut Brion";"James Suckling";96.00
Tolaini;"James Suckling";96.00
"Nicolas Jay";"James Suckling";96.00
Etude;"James Suckling";96.00
"Le Macchiole";"James Suckling";95.67
"Conterno Fantino";"James Suckling";95.50
Jonata;"James Suckling";95.50
Fontodi;"James Suckling";95.50
"Renato Ratti";"James Suckling";95.50
"Domaine De La Solitude";"James Suckling";95.50
Tor;"James Suckling";95.50
"La Spinetta";"James Suckling";95.33
"Horsepower Vineyards";"James Suckling";95.33
Cayuse;"James Suckling";95.22
"Familia Torres";"James Suckling";95.00
"Lingua Franca";"James Suckling";95.00
"Luigi Pira";"James Suckling";95.00
"Clos Des Papes";"James Suckling";95.00
"Bouchard Pere & Fils";"James Suckling";95.00
"Domenico Clerico";"James Suckling";95.00
"La Jota Vineyards Co.";"James Suckling";95.00
"Paul Hobbs";"James Suckling";95.00
"Mt. Brave";"James Suckling";95.00
"Tempos Vega Sicilia Alion";"James Suckling";95.00
"Amuse Bouche";"James Suckling";95.00
"Chateau Angelus";"James Suckling";95.00
Camarcanda;"James Suckling";95.00
Neyen;"James Suckling";95.00
"Chateau Beausejour Duffau Lagarrosse";"James Suckling";95.00
"Shafer Vineyards";"James Suckling";95.00
"Chateau Leoville Poyferre";"James Suckling";95.00
"Duckhorn Vineyards";"James Suckling";95.00
"Leonetti Cellar";"James Suckling";95.00
"Stags Leap Wine Cellars";"James Suckling";95.00
"Yann Chave";"James Suckling";95.00
"Terroir Al Limit";"James Suckling";95.00
"Penfolds Wines";"James Suckling";95.00
"Chateau Quintus";"James Suckling";95.00
"Louis Jadot";"James Suckling";95.00
"Carte Blanche";"James Suckling";95.00
"Sierra Cantabria";"James Suckling";95.00
Antinori;"James Suckling";95.00
"Paul Lato Wines";"James Suckling";95.00
"Chateau Bellevue Mondotte";"James Suckling";95.00
"Domaine Jean Foillard";"James Suckling";95.00
"Hyde De Villaine";"James Suckling";95.00
"Daou Vineyards";"James Suckling";95.00
"Stags Leap Winery";"James Suckling";95.00
"Isole E Olena";"James Suckling";94.67
"E. Pira E Figli";"James Suckling";94.67
Ceretto;"James Suckling";94.67
Faiveley;"James Suckling";94.50
"Williams Selyem Winery";"James Suckling";94.50
"Elio Grasso";"James Suckling";94.50
"Beaux Freres";"James Suckling";94.50
"Au Sommet";"James Suckling";94.00
"Col Solare";"James Suckling";94.00
"Chateau Clos St. Martin";"James Suckling";94.00
"Joseph Phelps Vineyards";"James Suckling";94.00
"Michele Chiarlo";"James Suckling";94.00
"Detert Family Vineyards";"James Suckling";94.00
Sottimano;"James Suckling";94.00
Massolino;"James Suckling";94.00
"Titus Vineyards";"James Suckling";94.00
"Kosta Browne";"James Suckling";94.00
"Wine & Soul";"James Suckling";94.00
"Baker & Hamilton";"James Suckling";94.00
"Far Niente";"James Suckling";94.00
"Castello Di Volpaia";"James Suckling";94.00
"Corison Wines";"James Suckling";94.00
"Chappellet Winery";"James Suckling";94.00
"Domaine De Beaurenard";"James Suckling";94.00
Azelia;"James Suckling";94.00
Henschke;"James Suckling";94.00
Parusso;"James Suckling";94.00
"Biondi Santi";"James Suckling";94.00
Bergstrom;"James Suckling";94.00
"Emilio Moro";"James Suckling";94.00
"Alpha Omega";"James Suckling";94.00
"Domaine Roux Pere & Fils";"James Suckling";94.00
"Aldo Conterno";"James Suckling";94.00
"Joseph Drouhin";"James Suckling";94.00
"Bruno Rocca";"James Suckling";94.00
Dumol;"James Suckling";94.00
Oshaughnessy;"James Suckling";94.00
"G.D. Vajra";"James Suckling";94.00
"Nickel & Nickel";"James Suckling";93.67
Brovia;"James Suckling";93.67
"Louis Latour";"James Suckling";93.60
Larkmead;"James Suckling";93.50
"Castello Di Bolgheri";"James Suckling";93.00
"Domaine Graeme & Julie Bott";"James Suckling";93.00
"Alejandro Bulgheroni";"James Suckling";93.00
"Jada Vineyard";"James Suckling";93.00
"Vincent Girardin";"James Suckling";93.00
"Fratelli Alessandria";"James Suckling";93.00
"00 Wines";"James Suckling";93.00
"Vinos Aurelio Garcia";"James Suckling";93.00
"Albert Bichot";"James Suckling";93.00
"Chateau Lif";"James Suckling";93.00
"Van Zellers & Co";"James Suckling";93.00
"Luigi Einaudi";"James Suckling";93.00
"Santa Rita";"James Suckling";93.00
"Domaine De Marcoux";"James Suckling";93.00
"Groth Vineyards & Winery";"James Suckling";93.00
"Vinedos De Paganos";"James Suckling";93.00
"Cakebread Cellars";"James Suckling";93.00
"Woodward Canyon";"James Suckling";93.00
"Tyler Winery";"James Suckling";93.00
Brandlin;"James Suckling";93.00
"Chimney Rock Winery";"James Suckling";92.67
"Zena Crown Vineyard";"James Suckling";92.50
"Luigi Baudana";"James Suckling";92.00
"Delille Cellars";"James Suckling";92.00
Snowden;"James Suckling";92.00
"Miner Family";"James Suckling";92.00
"Domaine De La Janasse";"James Suckling";92.00
"Raymond Vineyard";"James Suckling";92.00
"Domaine Fernand & Laurent Pillot";"James Suckling";92.00
Turnbull;"James Suckling";92.00
"Lancaster Estate";"James Suckling";92.00
Neyers;"James Suckling";92.00
"Clos Du Caillou";"James Suckling";92.00
"Dakota Shy";"James Suckling";92.00
"Lewis Cellars";"James Suckling";92.00
Darioush;"James Suckling";91.50
"Clos Pegase";"James Suckling";91.00
"Austin Hope";"James Suckling";91.00
Covenant;"James Suckling";91.00
Doubleback;"James Suckling";91.00
Aquilini;"James Suckling";91.00
"Sullivan Rutherford Estate";"James Suckling";91.00
Vietti;"Jancis Robinson";94.67
"Chateau Pontet Canet";"Jancis Robinson";18.00
Corison;"Jancis Robinson";18.00
Chapoutier;"Jancis Robinson";18.00
Dumol;"Jancis Robinson";17.50
"Domaine Phillipe Cheron";"Jancis Robinson";17.25
"Georges Lignier";"Jancis Robinson";17.00
"Laurent Ponsot";"Jancis Robinson";17.00
"Domaine Arlaud Pere Et Fils";"Jasper Morris";96.50
"Domaine Denis Mortet";"Jasper Morris";95.00
Confuron;"Jasper Morris";95.00
"Nicole Lamarche";"Jasper Morris";94.50
"Domaine Henri Gouges";"Jasper Morris";94.33
"Albert Bichot";"Jasper Morris";94.00
"Bouchard Pere & Fils";"Jasper Morris";94.00
"Domaine Phillipe Cheron";"Jasper Morris";94.00
"Domaine Jacques Frederic Mugnier";"Jasper Morris";94.00
"Domaine Julien";"Jasper Morris";94.00
"Louis Jadot";"Jasper Morris";94.00
"Domaine Des Lambrays";"Jasper Morris";94.00
"Domaine Trapet Pere Et Fils";"Jasper Morris";94.00
"Domaine De La Vougeraie";"Jasper Morris";94.00
"Domaine Taupenot Merme";"Jasper Morris";94.00
"Domaine De Larlot";"Jasper Morris";93.50
"Domaine Anne Et Herve Sigaut";"Jasper Morris";93.50
"Domaine Dujac";"Jasper Morris";93.50
"Domaine Robert Chevillon";"Jasper Morris";93.50
"Joseph Drouhin";"Jasper Morris";93.33
"Domaine Michele Et Patrice Rion";"Jasper Morris";93.33
"Domaine Drouhin Laroze";"Jasper Morris";93.33
"Domaine De Montille";"Jasper Morris";93.20
"Domaine Anne Gros";"Jasper Morris";93.00
"Domaine Jean Grivot";"Jasper Morris";93.00
"Domaine De Bellene";"Jasper Morris";93.00
"Chanson Pere & Fils";"Jasper Morris";93.00
"Hubert Lignier";"Jasper Morris";93.00
"La Pousse Dor";"Jasper Morris";93.00
"Chateau De Meursault";"Jasper Morris";93.00
"Domaine Des Comtes Lafon";"Jasper Morris";93.00
"Domaine Bitouzet Prieur";"Jasper Morris";93.00
"Domaine A.F. Gros";"Jasper Morris";93.00
"Robert Sirugue";"Jasper Morris";93.00
"Domaine Pierre Gelin";"Jasper Morris";93.00
"Laurent Ponsot";"Jasper Morris";92.75
"Domaine Thibault Liger Belair";"Jasper Morris";92.75
"Emmanuel Rouget";"Jasper Morris";92.00
"Arnaud Mortet";"Jasper Morris";92.00
"Domaine Joseph Voillot";"Jasper Morris";92.00
"Domaine Tawse";"Jasper Morris";92.00
"Comte Armand Les Domaine Des Epeneaux";"Jasper Morris";92.00
"Domaine Du Cellier Aux Moines";"Jasper Morris";92.00
"Domaine Robert Groffier Pere & Fils";"Jasper Morris";92.00
"Marchand Tawse";"Jasper Morris";91.50
"Domaine Latour Giraud";"Jasper Morris";91.00
"Domaine Antoine Jobard";"Jasper Morris";91.00
"Domaine De Villaine";"Jasper Morris";90.00
"Domaine Pierre Usseglio Et Fils";"Jeb Dunnuck";100.00
"Chateau Ducru Beaucaillou";"Jeb Dunnuck";100.00
Laventure;"Jeb Dunnuck";100.00
"Clos Saint Jean";"Jeb Dunnuck";100.00
"Chateau Lynch Bages";"Jeb Dunnuck";100.00
"Domaine Saint Prefert";"Jeb Dunnuck";99.00
Levet;"Jeb Dunnuck";99.00
"Chateau Valandraud";"Jeb Dunnuck";99.00
"Domaine Grand Veneur";"Jeb Dunnuck";99.00
"Chateau La Mondotte";"Jeb Dunnuck";99.00
"Beaulieu Vineyard";"Jeb Dunnuck";99.00
"Mas De Boislauzon";"Jeb Dunnuck";98.50
Andremily;"Jeb Dunnuck";98.50
"Chateau De Saint Cosme";"Jeb Dunnuck";98.33
"Chateau Pichon Longueville Baron";"Jeb Dunnuck";98.00
"Chateau Pavie Decesse";"Jeb Dunnuck";98.00
"Chateau Smith Haut Lafitte";"Jeb Dunnuck";98.00
"Chateau Clinet";"Jeb Dunnuck";98.00
"Chateau Figeac";"Jeb Dunnuck";98.00
"Domaine De Beaurenard";"Jeb Dunnuck";98.00
"Domaine Des Bosquets";"Jeb Dunnuck";98.00
"Chateau Canon";"Jeb Dunnuck";98.00
"Enclos Tourmaline";"Jeb Dunnuck";98.00
"Chateau Calon Segur";"Jeb Dunnuck";98.00
"Domaine Olivier Hillaire";"Jeb Dunnuck";98.00
"Domaine De La Vieille Julienne";"Jeb Dunnuck";98.00
Oshaughnessy;"Jeb Dunnuck";98.00
"Chateau Bellevue Mondotte";"Jeb Dunnuck";98.00
"Bodegas Muga";"Jeb Dunnuck";98.00
"Chateau Les Carmes Haut Brion";"Jeb Dunnuck";98.00
"Clos Des Papes";"Jeb Dunnuck";98.00
"Sierra Cantabria";"Jeb Dunnuck";98.00
Arietta;"Jeb Dunnuck";98.00
"Chateau Leoville Poyferre";"Jeb Dunnuck";98.00
"Paolo Scavino";"Jeb Dunnuck";98.00
"Jada Vineyard";"Jeb Dunnuck";97.50
"Elio Grasso";"Jeb Dunnuck";97.50
Patria;"Jeb Dunnuck";97.50
"Realm Cellars";"Jeb Dunnuck";97.50
"E. Pira E Figli";"Jeb Dunnuck";97.33
"Tenuta Di Biserno";"Jeb Dunnuck";97.00
"Domaine De La Janasse";"Jeb Dunnuck";97.00
"Chateau Leoville Barton";"Jeb Dunnuck";97.00
"Domaine De Marcoux";"Jeb Dunnuck";97.00
"Clos Leglise Pomerol";"Jeb Dunnuck";97.00
"Horsepower Vineyards";"Jeb Dunnuck";97.00
"Force Majeure";"Jeb Dunnuck";97.00
Guigal;"Jeb Dunnuck";97.00
"Booker Vineyard";"Jeb Dunnuck";97.00
"Pisoni Vineyards";"Jeb Dunnuck";97.00
"Raymond Vineyard";"Jeb Dunnuck";97.00
Merus;"Jeb Dunnuck";97.00
Occidental;"Jeb Dunnuck";97.00
"Clos Fourtet";"Jeb Dunnuck";97.00
"Stags Leap Wine Cellars";"Jeb Dunnuck";97.00
"Chateau Rauzan Segla";"Jeb Dunnuck";97.00
"Vinedos De Paganos";"Jeb Dunnuck";97.00
"Odette Estate";"Jeb Dunnuck";97.00
"Domaine De Cristia";"Jeb Dunnuck";97.00
"Chateau Montrose";"Jeb Dunnuck";97.00
Hourglass;"Jeb Dunnuck";97.00
"Chateau Peby Faugeres";"Jeb Dunnuck";97.00
Cayuse;"Jeb Dunnuck";97.00
"Domenico Clerico";"Jeb Dunnuck";97.00
"Chateau Hosanna";"Jeb Dunnuck";97.00
"Paul Hobbs";"Jeb Dunnuck";97.00
"Kapcsandy Family Winery";"Jeb Dunnuck";97.00
Wayfarer;"Jeb Dunnuck";96.75
"Domaine Giraud";"Jeb Dunnuck";96.50
"Auguste Clape";"Jeb Dunnuck";96.50
"Clos Du Caillou";"Jeb Dunnuck";96.50
"Paul Lato Wines";"Jeb Dunnuck";96.50
Morlet;"Jeb Dunnuck";96.33
"Chappellet Winery";"Jeb Dunnuck";96.00
"Chateau Cos Destournel";"Jeb Dunnuck";96.00
Addax;"Jeb Dunnuck";96.00
Aquilini;"Jeb Dunnuck";96.00
"Chateau Beausejour Duffau Lagarrosse";"Jeb Dunnuck";96.00
"Domaine Bernard Gripa";"Jeb Dunnuck";96.00
"Frias Family Vineyard";"Jeb Dunnuck";96.00
"Shafer Vineyards";"Jeb Dunnuck";96.00
"Adelaida Winery";"Jeb Dunnuck";96.00
"Fratelli Alessandria";"Jeb Dunnuck";96.00
"Daou Family Estates";"Jeb Dunnuck";96.00
"Peter Michael";"Jeb Dunnuck";96.00
Brancaia;"Jeb Dunnuck";96.00
"K Vintners";"Jeb Dunnuck";96.00
"Chateau Quintus";"Jeb Dunnuck";96.00
"Chateau Haut Bailly";"Jeb Dunnuck";96.00
"Gemstone Vineyard";"Jeb Dunnuck";96.00
"Castello Di Bolgheri";"Jeb Dunnuck";96.00
"Chateau De Beaucastel";"Jeb Dunnuck";96.00
"Luigi Baudana";"Jeb Dunnuck";96.00
Gallica;"Jeb Dunnuck";96.00
"Chateau Clos St. Martin";"Jeb Dunnuck";96.00
"Clos Apalta";"Jeb Dunnuck";96.00
"Elvio Cogno";"Jeb Dunnuck";96.00
"Luigi Pira";"Jeb Dunnuck";96.00
"Domaine De La Solitude";"Jeb Dunnuck";96.00
"G.D. Vajra";"Jeb Dunnuck";95.50
Jonata;"Jeb Dunnuck";95.50
Rochioli;"Jeb Dunnuck";95.33
"Kosta Browne";"Jeb Dunnuck";95.12
Doubleback;"Jeb Dunnuck";95.00
Senses;"Jeb Dunnuck";95.00
"Vineyard 29";"Jeb Dunnuck";95.00
"Chateau Mouton Rothschild";"Jeb Dunnuck";95.00
"Shibumi Knoll";"Jeb Dunnuck";95.00
Turnbull;"Jeb Dunnuck";95.00
"Yann Chave";"Jeb Dunnuck";95.00
"Cade Estate";"Jeb Dunnuck";95.00
"Lewis Cellars";"Jeb Dunnuck";95.00
Adversity;"Jeb Dunnuck";95.00
Bergstrom;"Jeb Dunnuck";95.00
Sojourn;"Jeb Dunnuck";95.00
"Chateau Beychevelle";"Jeb Dunnuck";95.00
"Woodward Canyon";"Jeb Dunnuck";95.00
"Hayfork Wine Co.";"Jeb Dunnuck";95.00
"Chateau Margaux";"Jeb Dunnuck";95.00
"Jean Louis Chave";"Jeb Dunnuck";95.00
"Laurent Fayolle";"Jeb Dunnuck";95.00
"Chateau Lafleur";"Jeb Dunnuck";95.00
"Fortunate Son Wines";"Jeb Dunnuck";95.00
"Rivers Marie";"Jeb Dunnuck";95.00
"Renato Ratti";"Jeb Dunnuck";95.00
"Maybach Family Vineyards";"Jeb Dunnuck";95.00
"Leonetti Cellar";"Jeb Dunnuck";94.67
Tor;"Jeb Dunnuck";94.50
"Mt. Brave";"Jeb Dunnuck";94.33
"Williams Selyem Winery";"Jeb Dunnuck";94.33
"The Debate";"Jeb Dunnuck";94.33
Corison;"Jeb Dunnuck";94.00
"Dalla Valle";"Jeb Dunnuck";94.00
"Chateau Haut Brion";"Jeb Dunnuck";94.00
"Cakebread Cellars";"Jeb Dunnuck";94.00
"Titus Vineyards";"Jeb Dunnuck";94.00
"Baker & Hamilton";"Jeb Dunnuck";94.00
"Far Niente";"Jeb Dunnuck";94.00
"Biondi Santi";"Jeb Dunnuck";94.00
"Pierre Jean Villa";"Jeb Dunnuck";94.00
"Merry Edwards";"Jeb Dunnuck";94.00
"La Jota Vineyards Co.";"Jeb Dunnuck";94.00
"Domaine Santa Duc";"Jeb Dunnuck";93.67
"Bacio Divino";"Jeb Dunnuck";93.67
"Zena Crown Vineyard";"Jeb Dunnuck";93.00
"Pio Cesare";"Jeb Dunnuck";93.00
Macauley;"Jeb Dunnuck";93.00
"Joseph Phelps Vineyards";"Jeb Dunnuck";93.00
Darioush;"Jeb Dunnuck";93.00
"M. Chapoutier";"Jeb Dunnuck";93.00
Pilcrow;"Jeb Dunnuck";93.00
"Lancaster Estate";"Jeb Dunnuck";93.00
Pahlmeyer;"Jeb Dunnuck";93.00
"Groth Vineyards & Winery";"Jeb Dunnuck";93.00
"Rhys Vineyards";"Jeb Dunnuck";93.00
"Chateau Angelus";"Jeb Dunnuck";93.00
"Chimney Rock Winery";"Jeb Dunnuck";93.00
"Alejandro Bulgheroni";"Jeb Dunnuck";93.00
Vietti;"Jeb Dunnuck";93.00
"Nickel & Nickel";"Jeb Dunnuck";92.50
Larkmead;"Jeb Dunnuck";92.50
"Dakota Shy";"Jeb Dunnuck";92.00
"Chateau Pontet Canet";"Jeb Dunnuck";92.00
"Clos De Loratoire Des Papes";"Jeb Dunnuck";92.00
Revana;"Jeb Dunnuck";92.00
"Corison Wines";"Jeb Dunnuck";92.00
"Georges Vernay";"Jeb Dunnuck";92.00
"Alpha Omega";"Jeb Dunnuck";91.50
"Clos Pegase";"Jeb Dunnuck";91.00
"Chateau Troplong Mondot";"Jeb Dunnuck";91.00
"Chateau Certan De May";"Jeb Dunnuck";91.00
"Duckhorn Vineyards";"Jeb Dunnuck";90.00
"Quilceda Creek";"Robert Parker";99.00
"Chateau Pontet Canet";"Robert Parker";99.00
Crasto;"Robert Parker";98.00
"Catena Zapata";"Robert Parker";98.00
"Tua Rita";"Robert Parker";98.00
"Le Macchiole";"Robert Parker";97.50
Hourglass;"Robert Parker";97.50
"Chateau Canon";"Robert Parker";97.00
Camarcanda;"Robert Parker";97.00
Realm;"Robert Parker";97.00
Marcoux;"Robert Parker";97.00
"Carte Blanche";"Robert Parker";97.00
"Daou Vineyards";"Robert Parker";97.00
Chapoutier;"Robert Parker";96.50
"Chateau Les Carmes De Haut Brion";"Robert Parker";96.00
"Beaux Freres";"Robert Parker";96.00
Patria;"Robert Parker";96.00
"Bibi Graetz";"Robert Parker";96.00
"Philip Togni";"Robert Parker";96.00
"The Debate";"Robert Parker";95.33
"Kosta Browne";"Robert Parker";95.00
"Chateau Bellevue Mondotte";"Robert Parker";95.00
Almaviva;"Robert Parker";95.00
"Chateau Peby Faugeres";"Robert Parker";95.00
Faiveley;"Robert Parker";94.50
Gaja;"Robert Parker";94.00
"Marquis Dangerville";"Robert Parker";94.00
"Domaine Josph Roty";"Robert Parker";94.00
"Peter Michael";"Robert Parker";94.00
"Chateau Lif";"Robert Parker";94.00
Jadot;"Robert Parker";94.00
Corison;"Robert Parker";94.00
"Pierre Gonon";"Robert Parker";94.00
"Beaulieu Vineyard";"Robert Parker";94.00
"Chateau Calon Segur";"Robert Parker";93.00
Delas;"Robert Parker";93.00
"Xavier Gerard";"Robert Parker";93.00
Continuum;"Robert Parker";92.00
"Domaine De Courcel";"Robert Parker";92.00
Gallica;"Robert Parker";92.00
Ceretto;"Robert Parker";91.00
"Mugneret Gibourg";"Robert Parker";90.00
"Domaine Michel Noellat";"Robert Parker";89.00
"Delille Cellars";"Robert Parkers Wine Advocate";99.00
"Domaine Des Bosquets";"Robert Parkers Wine Advocate";99.00
"Clos Mogador";"Robert Parkers Wine Advocate";99.00
Espectacle;"Robert Parkers Wine Advocate";99.00
"Chateau Beausejour Duffau Lagarrosse";"Robert Parkers Wine Advocate";98.00
"Domaine Pierre Usseglio Et Fils";"Robert Parkers Wine Advocate";98.00
"Chateau Troplong Mondot";"Robert Parkers Wine Advocate";98.00
Levet;"Robert Parkers Wine Advocate";98.00
Sena;"Robert Parkers Wine Advocate";98.00
"Le Macchiole";"Robert Parkers Wine Advocate";98.00
Anakota;"Robert Parkers Wine Advocate";98.00
"Domaine De La Janasse";"Robert Parkers Wine Advocate";98.00
"E. Pira E Figli";"Robert Parkers Wine Advocate";97.67
Occidental;"Robert Parkers Wine Advocate";97.50
Fontodi;"Robert Parkers Wine Advocate";97.50
Catena;"Robert Parkers Wine Advocate";97.00
"Fratelli Alessandria";"Robert Parkers Wine Advocate";97.00
"Daou Family Estates";"Robert Parkers Wine Advocate";97.00
Andremily;"Robert Parkers Wine Advocate";97.00
"Chateau Pichon Longueville Baron";"Robert Parkers Wine Advocate";97.00
"Chateau Leoville Barton";"Robert Parkers Wine Advocate";97.00
"Fattoria Le Pupille";"Robert Parkers Wine Advocate";97.00
Brovia;"Robert Parkers Wine Advocate";97.00
"Chateau Clinet";"Robert Parkers Wine Advocate";97.00
"Chateau Figeac";"Robert Parkers Wine Advocate";97.00
"Fitapreta Vinhos";"Robert Parkers Wine Advocate";97.00
"Tenuta Guado Al Tasso";"Robert Parkers Wine Advocate";97.00
"G.D. Vajra";"Robert Parkers Wine Advocate";97.00
"Domaine De Marcoux";"Robert Parkers Wine Advocate";97.00
"Vinedos De Paganos";"Robert Parkers Wine Advocate";97.00
"Chateau Montrose";"Robert Parkers Wine Advocate";97.00
"Elio Grasso";"Robert Parkers Wine Advocate";97.00
Torbreck;"Robert Parkers Wine Advocate";97.00
"Domaine Grand Veneur";"Robert Parkers Wine Advocate";97.00
Morlet;"Robert Parkers Wine Advocate";97.00
"Beaux Freres";"Robert Parkers Wine Advocate";97.00
"Chateau Canon";"Robert Parkers Wine Advocate";97.00
"Podere Grattamacco";"Robert Parkers Wine Advocate";97.00
"Cobb Wines";"Robert Parkers Wine Advocate";97.00
"Tenuta Di Biserno";"Robert Parkers Wine Advocate";97.00
"Vasse Felix";"Robert Parkers Wine Advocate";97.00
Hickinbotham;"Robert Parkers Wine Advocate";97.00
"Luciano Sandrone";"Robert Parkers Wine Advocate";97.00
"Chateau Cos Destournel";"Robert Parkers Wine Advocate";97.00
"Clos Des Papes";"Robert Parkers Wine Advocate";97.00
"Martinelli Winery & Vineyards";"Robert Parkers Wine Advocate";97.00
Addax;"Robert Parkers Wine Advocate";97.00
"Clos Saint Jean";"Robert Parkers Wine Advocate";96.50
Aubert;"Robert Parkers Wine Advocate";96.50
Ceretto;"Robert Parkers Wine Advocate";96.33
"Isole E Olena";"Robert Parkers Wine Advocate";96.33
"Paul Hobbs";"Robert Parkers Wine Advocate";96.00
Massolino;"Robert Parkers Wine Advocate";96.00
"Elvio Cogno";"Robert Parkers Wine Advocate";96.00
"Chateau Les Carmes Haut Brion";"Robert Parkers Wine Advocate";96.00
"Chateau Leoville Poyferre";"Robert Parkers Wine Advocate";96.00
"Realm Cellars";"Robert Parkers Wine Advocate";96.00
"Chateau Lynch Bages";"Robert Parkers Wine Advocate";96.00
Glaetzer;"Robert Parkers Wine Advocate";96.00
Azelia;"Robert Parkers Wine Advocate";96.00
"Bodega Lanzaga";"Robert Parkers Wine Advocate";96.00
Parusso;"Robert Parkers Wine Advocate";96.00
Guigal;"Robert Parkers Wine Advocate";96.00
Laventure;"Robert Parkers Wine Advocate";96.00
"Ladeiras Do Xil";"Robert Parkers Wine Advocate";96.00
Duemani;"Robert Parkers Wine Advocate";96.00
"Chateau Smith Haut Lafitte";"Robert Parkers Wine Advocate";96.00
Antinori;"Robert Parkers Wine Advocate";96.00
"Castello Di Bolgheri";"Robert Parkers Wine Advocate";96.00
"Chateau Valandraud";"Robert Parkers Wine Advocate";96.00
"Domaine Saint Prefert";"Robert Parkers Wine Advocate";96.00
"Chateau Lafleur";"Robert Parkers Wine Advocate";96.00
"Chateau Haut Bailly";"Robert Parkers Wine Advocate";96.00
"Clos Fourtet";"Robert Parkers Wine Advocate";96.00
"Booker Vineyard";"Robert Parkers Wine Advocate";96.00
"Chateau Bellevue Mondotte";"Robert Parkers Wine Advocate";96.00
"Chateau Rauzan Segla";"Robert Parkers Wine Advocate";96.00
"Chateau Ducru Beaucaillou";"Robert Parkers Wine Advocate";96.00
"Wine & Soul";"Robert Parkers Wine Advocate";96.00
Sottimano;"Robert Parkers Wine Advocate";96.00
"Dominio Del Aguila";"Robert Parkers Wine Advocate";96.00
"Conterno Fantino";"Robert Parkers Wine Advocate";96.00
"Penfolds Wines";"Robert Parkers Wine Advocate";96.00
"Domenico Clerico";"Robert Parkers Wine Advocate";96.00
"Luigi Einaudi";"Robert Parkers Wine Advocate";95.67
"Horsepower Vineyards";"Robert Parkers Wine Advocate";95.67
Patria;"Robert Parkers Wine Advocate";95.50
"Bruno Rocca";"Robert Parkers Wine Advocate";95.50
Rochioli;"Robert Parkers Wine Advocate";95.40
Cayuse;"Robert Parkers Wine Advocate";95.40
Wayfarer;"Robert Parkers Wine Advocate";95.25
"Williams Selyem Winery";"Robert Parkers Wine Advocate";95.22
"Chateau De Beaucastel";"Robert Parkers Wine Advocate";95.00
"Michele Chiarlo";"Robert Parkers Wine Advocate";95.00
"Domaine La Barroche";"Robert Parkers Wine Advocate";95.00
"La Spinetta";"Robert Parkers Wine Advocate";95.00
"Clos Apalta";"Robert Parkers Wine Advocate";95.00
Turnbull;"Robert Parkers Wine Advocate";95.00
"Chateau Hosanna";"Robert Parkers Wine Advocate";95.00
"Benjamin Romeo";"Robert Parkers Wine Advocate";95.00
Clonakilla;"Robert Parkers Wine Advocate";95.00
"Lingua Franca";"Robert Parkers Wine Advocate";95.00
"Clos Leglise Pomerol";"Robert Parkers Wine Advocate";95.00
"Van Zellers & Co";"Robert Parkers Wine Advocate";95.00
"Chateau La Mondotte";"Robert Parkers Wine Advocate";95.00
"Quinta Vale D. Maria";"Robert Parkers Wine Advocate";95.00
"Eisele Vineyard";"Robert Parkers Wine Advocate";95.00
"Biondi Santi";"Robert Parkers Wine Advocate";95.00
"Domaine Giraud";"Robert Parkers Wine Advocate";95.00
"Jada Vineyard";"Robert Parkers Wine Advocate";95.00
"Chappellet Winery";"Robert Parkers Wine Advocate";95.00
Bergstrom;"Robert Parkers Wine Advocate";95.00
"Raymond Vineyard";"Robert Parkers Wine Advocate";95.00
"Bodegas Mauro";"Robert Parkers Wine Advocate";95.00
Almaviva;"Robert Parkers Wine Advocate";95.00
Klipsun;"Robert Parkers Wine Advocate";95.00
"Mas Martinet";"Robert Parkers Wine Advocate";95.00
"Sam Jasper";"Robert Parkers Wine Advocate";95.00
"Merry Edwards";"Robert Parkers Wine Advocate";95.00
"Renato Ratti";"Robert Parkers Wine Advocate";95.00
"Barnett Vineyards";"Robert Parkers Wine Advocate";95.00
Raen;"Robert Parkers Wine Advocate";95.00
"Chateau Margaux";"Robert Parkers Wine Advocate";95.00
Vietti;"Robert Parkers Wine Advocate";95.00
"Philip Togni";"Robert Parkers Wine Advocate";95.00
"Bodegas Muga";"Robert Parkers Wine Advocate";95.00
"Terroir Al Limit";"Robert Parkers Wine Advocate";95.00
Outpost;"Robert Parkers Wine Advocate";95.00
Perus;"Robert Parkers Wine Advocate";95.00
"Chateau Clos St. Martin";"Robert Parkers Wine Advocate";95.00
"Domaine Louis Boillot";"Robert Parkers Wine Advocate";94.67
"Clos Du Caillou";"Robert Parkers Wine Advocate";94.50
"Fortunate Son Wines";"Robert Parkers Wine Advocate";94.50
"Kosta Browne";"Robert Parkers Wine Advocate";94.40
"Kapcsandy Family Winery";"Robert Parkers Wine Advocate";94.00
"Rivers Marie";"Robert Parkers Wine Advocate";94.00
"Susana Balbo";"Robert Parkers Wine Advocate";94.00
"Chateau Haut Brion";"Robert Parkers Wine Advocate";94.00
"Hyde De Villaine";"Robert Parkers Wine Advocate";94.00
"Paolo Scavino";"Robert Parkers Wine Advocate";94.00
Doubleback;"Robert Parkers Wine Advocate";94.00
"Tenuta Sette Ponti";"Robert Parkers Wine Advocate";94.00
"Beaulieu Vineyard";"Robert Parkers Wine Advocate";94.00
"Domaine Michel Lafarge";"Robert Parkers Wine Advocate";94.00
"Domaine De La Solitude";"Robert Parkers Wine Advocate";94.00
"Auguste Clape";"Robert Parkers Wine Advocate";94.00
"Robert Craig Cellars";"Robert Parkers Wine Advocate";94.00
"Domaine Bernard Gripa";"Robert Parkers Wine Advocate";94.00
Pahlmeyer;"Robert Parkers Wine Advocate";94.00
"Tempos Vega Sicilia Alion";"Robert Parkers Wine Advocate";94.00
Merus;"Robert Parkers Wine Advocate";94.00
"Domaine Fernand & Laurent Pillot";"Robert Parkers Wine Advocate";94.00
"Adelaida Winery";"Robert Parkers Wine Advocate";94.00
Henschke;"Robert Parkers Wine Advocate";94.00
"Cade Estate";"Robert Parkers Wine Advocate";94.00
"Chateau Certan De May";"Robert Parkers Wine Advocate";94.00
"Domaine Olivier Hillaire";"Robert Parkers Wine Advocate";94.00
"Dominio De Pingus";"Robert Parkers Wine Advocate";94.00
"Charles Krug";"Robert Parkers Wine Advocate";94.00
"Domaine Trapet Pere Et Fils";"Robert Parkers Wine Advocate";94.00
Contino;"Robert Parkers Wine Advocate";94.00
"Woodward Canyon";"Robert Parkers Wine Advocate";94.00
"Hayfork Wine Co.";"Robert Parkers Wine Advocate";94.00
Oshaughnessy;"Robert Parkers Wine Advocate";94.00
Mayacamas;"Robert Parkers Wine Advocate";94.00
"Mullineux Family Wines";"Robert Parkers Wine Advocate";94.00
"Zena Crown Vineyard";"Robert Parkers Wine Advocate";94.00
"Pio Cesare";"Robert Parkers Wine Advocate";94.00
Arietta;"Robert Parkers Wine Advocate";94.00
"Chateau Beychevelle";"Robert Parkers Wine Advocate";94.00
"Laurent Fayolle";"Robert Parkers Wine Advocate";94.00
"Luigi Baudana";"Robert Parkers Wine Advocate";94.00
"Domaine Jean Foillard";"Robert Parkers Wine Advocate";94.00
"Louis Jadot";"Robert Parkers Wine Advocate";93.89
"Cakebread Cellars";"Robert Parkers Wine Advocate";93.50
Tor;"Robert Parkers Wine Advocate";93.50
"Domaine Joseph Voillot";"Robert Parkers Wine Advocate";93.50
"Jean Louis Chave";"Robert Parkers Wine Advocate";93.50
"Bouchard Pere & Fils";"Robert Parkers Wine Advocate";93.40
"Nickel & Nickel";"Robert Parkers Wine Advocate";93.33
"Domaine De Larlot";"Robert Parkers Wine Advocate";93.25
"Shafer Vineyards";"Robert Parkers Wine Advocate";93.00
"Chateau Calon Segur";"Robert Parkers Wine Advocate";93.00
"Groth Vineyards & Winery";"Robert Parkers Wine Advocate";93.00
"Chateau Quintus";"Robert Parkers Wine Advocate";93.00
"Krupp Brothers Estates";"Robert Parkers Wine Advocate";93.00
Faust;"Robert Parkers Wine Advocate";93.00
"Jean Marc Vincent";"Robert Parkers Wine Advocate";93.00
"Chateau Pontet Canet";"Robert Parkers Wine Advocate";93.00
Larkmead;"Robert Parkers Wine Advocate";93.00
"Joseph Drouhin";"Robert Parkers Wine Advocate";93.00
"Mas De Boislauzon";"Robert Parkers Wine Advocate";93.00
"Domaine Du Cellier Aux Moines";"Robert Parkers Wine Advocate";93.00
"Vinos Aurelio Garcia";"Robert Parkers Wine Advocate";93.00
"Chateau Angelus";"Robert Parkers Wine Advocate";93.00
"Titus Vineyards";"Robert Parkers Wine Advocate";93.00
Faiveley;"Robert Parkers Wine Advocate";93.00
"Odette Estate";"Robert Parkers Wine Advocate";93.00
"Corison Wines";"Robert Parkers Wine Advocate";93.00
"Enclos Tourmaline";"Robert Parkers Wine Advocate";93.00
"00 Wines";"Robert Parkers Wine Advocate";93.00
"Domaine De Montille";"Robert Parkers Wine Advocate";93.00
Artadi;"Robert Parkers Wine Advocate";93.00
"Domaine De Beaurenard";"Robert Parkers Wine Advocate";93.00
"Turley Wine Cellars";"Robert Parkers Wine Advocate";93.00
"Georges Vernay";"Robert Parkers Wine Advocate";93.00
"Accendo Cellars";"Robert Parkers Wine Advocate";93.00
"Don Melchor";"Robert Parkers Wine Advocate";93.00
"Clos Pegase";"Robert Parkers Wine Advocate";93.00
"Mongeard Mugneret";"Robert Parkers Wine Advocate";93.00
"Santa Rita";"Robert Parkers Wine Advocate";93.00
"Domaine Robert Chevillon";"Robert Parkers Wine Advocate";92.75
"La Jota Vineyards Co.";"Robert Parkers Wine Advocate";92.67
"Vincent Girardin";"Robert Parkers Wine Advocate";92.50
"Domaine Anne Et Herve Sigaut";"Robert Parkers Wine Advocate";92.50
"Mt. Brave";"Robert Parkers Wine Advocate";92.50
Brandlin;"Robert Parkers Wine Advocate";92.00
Snowden;"Robert Parkers Wine Advocate";92.00
Covenant;"Robert Parkers Wine Advocate";92.00
"Chimney Rock Winery";"Robert Parkers Wine Advocate";92.00
"Louis M. Martini";"Robert Parkers Wine Advocate";92.00
"Chateau Pavie Decesse";"Robert Parkers Wine Advocate";92.00
"Domaine Jacques Frederic Mugnier";"Robert Parkers Wine Advocate";92.00
"Domaine Claude Dugat";"Robert Parkers Wine Advocate";92.00
"Joseph Phelps Vineyards";"Robert Parkers Wine Advocate";92.00
"Domaine Denis Mortet";"Robert Parkers Wine Advocate";92.00
Vizcarra;"Robert Parkers Wine Advocate";92.00
"Chateau Mouton Rothschild";"Robert Parkers Wine Advocate";92.00
"M. Chapoutier";"Robert Parkers Wine Advocate";92.00
"Alphonse Mellot";"Robert Parkers Wine Advocate";92.00
"Domaine Julien";"Robert Parkers Wine Advocate";92.00
"Lewis Cellars";"Robert Parkers Wine Advocate";92.00
"Leonetti Cellar";"Robert Parkers Wine Advocate";92.00
"Stags Leap Wine Cellars";"Robert Parkers Wine Advocate";92.00
"Far Niente";"Robert Parkers Wine Advocate";92.00
"Louis Latour";"Robert Parkers Wine Advocate";92.00
Darioush;"Robert Parkers Wine Advocate";91.50
"Domaine Bitouzet Prieur";"Robert Parkers Wine Advocate";91.33
"Domaine Des Lambrays";"Robert Parkers Wine Advocate";91.00
"Rainer Schnaitmann";"Robert Parkers Wine Advocate";91.00
"Domaine Dujac";"Robert Parkers Wine Advocate";91.00
"Domaine De Cristia";"Robert Parkers Wine Advocate";91.00
"Meo Camuzet Freres & Soeurs";"Robert Parkers Wine Advocate";91.00
"Chateau Peby Faugeres";"Robert Parkers Wine Advocate";91.00
"Stephane Ogier";"Robert Parkers Wine Advocate";91.00
"Alpha Omega";"Robert Parkers Wine Advocate";91.00
"Domaine Antoine Jobard";"Robert Parkers Wine Advocate";91.00
"Miner Family";"Robert Parkers Wine Advocate";91.00
"Yann Chave";"Robert Parkers Wine Advocate";91.00
"Domaine Dugat Py";"Robert Parkers Wine Advocate";91.00
"Hubert Lignier";"Robert Parkers Wine Advocate";91.00
"Domaine De Villaine";"Robert Parkers Wine Advocate";91.00
"Duckhorn Vineyards";"Robert Parkers Wine Advocate";91.00
"Domaine Meo Camuzet";"Robert Parkers Wine Advocate";91.00
"Arnaud Mortet";"Robert Parkers Wine Advocate";90.00
"Jean Tardy";"Robert Parkers Wine Advocate";90.00
"Aurelien Verdet";"Robert Parkers Wine Advocate";90.00
"Don Melchor";"Tasting Panel";98.00
Torcia;"Tasting Panel";96.00
Aquilini;"Tasting Panel";95.00
"Shafer Vineyards";"Tasting Panel";95.00
"Merry Edwards";"Tasting Panel";95.00
Jonata;"Tasting Panel";94.00
Turnbull;"The Somm Journal";98.00
"Chateau Canon";Vinous;98.00
